Governor,Time,Sleep1,Sleep2,Sleep3,Sleep4,CPU1 (%),CPU2 (%),CPU3 (%),CPU4 (%),CPUall (%),POWER (mW),Variance
performance,0301_105253,0,0,0,0,99.7,99.6,99.6,99.63,99.63,17275.35144,700.3823488
performance,0301_110053,0,0,0,0,99.42,99.52,99.7,99.64,99.57,17240.43189,1302.04215
powersave,0301_110724,0,0,0,0,99.58,99.6,99.41,99.47,99.52,17307.40894,795.0225212
powersave,0301_111322,0,0,0,0,99.58,99.59,99.56,99.44,99.54,17326.93894,793.4054214